Title,Distr
King Kong,UIP
"The Chronicles of Narnia: The Lion, the Witch and the Wardrobe",BVI
Just Friends,Momentum
Brokeback Mountain,Entertainment
Just Like Heaven,UIP
Cheaper by the Dozen,20th Fox
Match Point,Icon
Harry Potter and the Goblet of Fire,Warner
The Producers,Sony
March of the Penguins,Warner
Running Scared,Entertainment
Lassie,Entertainment
Dosti,Tip Top
The Constant Gardener,UIP
The Family Stone,20th Fox
Mrs Henderson Presents,Pathe
Nanny McPhee,UIP
Wallace and Gromit: The Curse of the Were-Rabbit,UIP
Where the Truth Lies,Momentum
Mad Hot Ballroom,Metrodome
Howl's Moving Castle,Optimum
Merry Christmas (Joyeux Noel),Sony
Innocence,Artificial Eye
Oliver Twist,Pathe
Tickets,Artificial Eye
Broken Flowers,Momentum
Jarhead,UIP
Memoirs of a Geisha,BVI
Breakfast on Pluto,Pathe
Cry Wolf,Optimum
The Truth,Guerilla Films
Rize,Redbus
Familia Rodante,Artificial Eye
Sophie Scholl,ICA Projects
Black Narcissus (RE),BFI
Fun with Dick and Jane,Sony
Underworld: Evolution,Entertainment
Get Rich or Die Tryin',UIP
Cheaper by the Dozen 2,20th Fox
A Cock and Bull Story,Redbus
Munich,UIP
Rumour Has It,Warner
Rang De Basanti,UTV Comm
Hidden (Caché),Artificial Eye
Frozen,Guerilla Films
Zathura,Sony
Walk the Line,20th Fox
Derailed,BVI
Grizzly Man,Revolver
Chicken Little,BVI
Final Destination 3,Entertainment
Big Momma's House 2,20th Fox
The Little Polar Bear 2,Warner
The Adventures of Greyfriars Bobby,The Works
Song of Songs,Soda Pictures
Brief Encounter (RE),Park Circus Films
Casanova,BVI
Aeon Flux,UIP
"Good Night, and Good Luck",Redbus
Lady Vengeance,Tartan
The Piano Tuner of Earthquakes,Artificial Eye
Brief Encounter,Park Circus Films
Date Movie,20th Fox
Syriana,Warner
Lucky Number Slevin,Entertainment
The Weather Man,Momentum
Last Holiday,UIP
The Matador,BVI
"Good night, and Good Luck",Lionsgate
Capote,Sony
Kidulthood,Revolver
Hidden (Cache),Artificial Eye
March of the Penguins,Warner 
Mirrormask,Tartan
Mrs. Henderson Presents,Pathe
Manderlay,Metrodome
A Cock and Bull Story,Lionsgate
Harry Potter and the Goblet of Fire,Warner 
Crossing the Bridge,Soda
Wild Country,Ian Rattray Films
The Hills Have Eyes,20th Fox
The Proposition,Tartan
"Good Night, and Good Luck",Lionsgate
Two for the Money,UIP
Evil Aliens,Contentfilm
These Foolish Things,Swipe
The Road to Guantanamo,Revelation
The Pink Panther,20th Fox
V for Vendetta,Warner
Tsotsi,Momentum
"Good Night, and Good Luck",Lions Gate
A Cock and Bull Story,Lions Gate
In My Country,Sony
Inside Man,UIP
Hostel,Sony
The Ringer,20th Fox
Transamerica,Pathe
The Boys from County Clare,Lions Gate
"Good Night, And Good Luck",Lions Gate
Strayed,Soda
Failure to Launch,UIP
The Shaggy Dog,BVI
Basic Instinct 2: Risk Addiction,Entertainment
Firewall,Warner
"Yours, Mine and Ours",Sony
The Three Burials of Melquiades Estrada,Optimum
The White Countess,Sony
Shooting Dogs,Metrodome
Iqbal,Tip Top
Diameter of the Bomb,Lions Gate
Ice Age II,20th Fox
She's the Man,Entertainment
Alien Autopsy,Warner
The Dark,Momentum
The Squid and the Whale,Sony
Pierrepoint,Lions Gate
Unknown White Male,Word of Mouth Films
Scary Movie 4,BVI
Take the Lead,Entertainment
An American Haunting,Lionsgate
Humko Deewana Kar Gaye,UTV Comm
V for Vendetta,Warner 
Junebug,Miracle
Glastonbury,Pathe
Silent Hill,Pathe
American Dreamz,UIP
Eight Below,BVI
Tristan and Isolde,20th Fox
Mistress of Spices,Entertainment
C.R.A.Z.Y.,Soda
Rollin' with the Nines,Maiden Voyage
U-Carmen eKhayelitsha,Tartan
Cockles and Muscles,Peccadillo
16 Blocks,Warner
Slither,Entertainment
Alien Autopsy,Warner 
Unknown White Male,Word of Mouth
Mission: Impossible III,UIP
Confetti,20th Fox
36 China Town,Tip Top
Three,The Works
Love + Hate,Verve
The Magician,Miracle
Fateless,Dogwoof
Pierrepoint,Lionsgate
Prime,Momentum
When a Stranger Calls,Sony
16 Blocks,Warner Bros
Brick,Optimum
"Quo Vadis, Baby?",Yume Pictures
The Da Vinci Code ,Sony
Waiting ,Momentum
The Shaggy Dog ,BVI
The King,Tartan
X-Men: The Last Stand,20th Fox
The Wild,BVI
Curious George,UIP
Fanaa,Yash Raj
Friends with Money,Sony
Down in the Valley,Icon
Thief Lord,Warner
Wal-Mart: The High Cost of Low Price,Tartan
X-Men 3,20th Fox
The Da Vinci Code,Sony
Poseidon,Warner
The Wild,Buena Vista
United 93,UIP
Wah-Wah,Lions Gate
Benchwarmers,Sony
36,Tartan
The Omen,20th Fox
RV,Sony
Phir Hera Pheri,Tip Top
Chup Chup Ke,UTV Comm
Secuestro Express,BVI
Wah-Wah,Lionsgate
The Fast and the Furious: Tokyo Drift,UIP
Hard Candy,Lionsgate
Thank You for Smoking,20th Fox
Imagine Me and You,UIP
Secuestro Express,Buena Vista
Lobo (Wolf),Dogwoof
Wal-Mart:The High Cost of Low Price,Tartan
"Quo Vadis, Baby?",Yume
Things to Do Before You're 30,Momentum
Lakehouse,Warner
The Wind that Shakes the Barley,Pathe
Fearless,UIP
Krrish,Adlabs
Ultraviolet,Sony
Aquamarine,20th Fox
Half Light,UIP
The Innocents (RE),BFI
Over the Hedge,UIP
Just My Luck,20th Fox
The Lakehouse,Warner
Reeker,Pathe
Cave of the Yellow Dog,Tartan
Rebecca (RE),BFI
Pirates of the Caribbean 2: Dead Man's Chest,BVI
District 13,Momentum
Thank You For Smoking,20th Fox
Heading South,Soda
Awesome: I Fuckin' Shot That,Revolver
Superman Returns,Warner
Golmaal,Venus
Atomised,Momentum
The Break-Up,UIP
Stormbreaker,Entertainment
Garfield 2,20th Fox
Little Fish,Tartan
Deep Sea 3-D,IMAX
Cars,BVI
Stay Alive,UIP
Omkara,Eros
Angel-A,Optimum
The Warrior King,Contender
Renaissance,Pathe
The Fallen Idol (RE),BFI
The Cave of the Yellow Dog,Tartan
Awesome: I Fuckin Shot That,Revolver
Miami Vice,UIP
My Super Ex-Girlfriend,20th Fox
Ant Bully,Warner
Shaadi Karke Phas Gaya Yaar,Eros
Pirates of the Caribbean 2,BVI
Monster House,Sony
Nacho Libre,UIP
Kabhi Alvida Na Kehna,Yash Raj
Lady in the Water,Warner
Tideland,Revolver
Wilderness,Momentum
Alpha Male,Verve
The Third Man (RE),Optimum
Snakes on a Plane,Entertainment
John Tucker Must Die,20th Fox
Harsh Times,Pathe
A Scanner Darkly,Warner
"You, Me and Depree ",UIP
Severance ,Pathe
Volver,Pathe
Little Man ,Sony 
The Wicker Man ,Lionsgate
The Sentinel,20th Fox
Crank,UIP
Adrift,Pathe 
Lage Raho Munnabhai,Eros
Odd Man Out (RE),Park Circus
"You, Me and Dupree ",UIP
Right at your Door,Lionsgate
Little Miss Sunshine,20th Fox
Pulse,UIP
Beerfest,Warner
Monster House,Sony 
Severance,Pathe
Snow Cake,Momentum
Driving Lessons,Tartan
Odd Man Out (re),Park Circus
Talledega Nights: The Ballad of Ricky Bobby,Sony 
The Queen,Pathe
The Black Dahlia,Entertainment
The Night Listener,Icon
DOA,UIP
Right at your Door,Lions Gate
The Children of Men,UIP
Little Man,Sony 
Trust the Man,Icon
Dirty Sanchez,Pathe
Clerks II,UIP
An Inconvenient Truth,UIP
Click,Sony 
Hoodwinked,Momentum
World Trade Centre,UIP
Children of Men,UIP
Life and Lyrics,UIP
The Devil Wears Prada,20th Fox
The Departed,Entertainment
Accepted,UIP
Isolation,Lions Gate
Nina's Heavenly Delights,Verve
Open Season,Sony 
History Boys,20th Fox
Texas Chainsaw Massacre: The Beginning,Entertainment
Stick It,BVI
Barnyard: The Original Party Animals,UIP
The Guardian,BVI
The Grudge 2,UIP
The Last Kiss,Momentum
Don,UTV
Marie Antoinette,Sony 
Brothers of the Head,Tartan
Saw III,Lions Gate UK
Step Up,UIP
The History Boys,20th Fox
A Good Year,20th Fox
Red Road,Verve
Gypo,Lions Gate
Snuff-Movie,Lions Gate
Borat ,20th Fox
Sixty Six ,UIP
Little Children ,Entertainment
Umrao Jaan ,Adlabs 
Mischief Night,Verve
The Page Turner ,Artifical Eye 
Scenes of a Sexual Nature ,Miracle 
Romanzo Criminale ,Icon
The Prestige,Warner Bros
Saw III,Lions Gate
Breaking & Entering,Buena Vista
Starter for Ten,Icon
Umrao Jaan ,Adlabs
Casino Royale,Sony 
The Prestige,Warner
Saw III,LionsGate
Breaking & Entering,BVI
Hoodwinked,Sony 
Vivah,Adlabs
A Tiger's Tale,BVI
Joy Division,Miracle 
The Santa Clause 3,BVI
Tenacious D,Entertainment
Jackass 2,UIP
Dhoom 2,Yash Raj
Pan's Labyrinth,Optimum
Hollywoodland,BVI
Sixty Six,UIP
Flushed Away,UIP
Deck the Halls,20th Fox
Stranger than Fiction,Sony 
Big Nothing,Pathe
Nightmare Before Christmas 3-D,BVI
London to Brighton,Vertigo
Happy Feet,Warner
The Holiday,UIP
Baabul,Adlabs
The Covenant,Sony 
The Nativity Story,Entertainment
Bugsy Malone (re),Park Circus
Eragon,20th Fox
Déjà Vu,BVI
Black Christmas,Pathe
Grounded,Warner
Kabul Express,Yash Raj
The Wizard of Oz (re),BFI
Deep Water,Pathe
The West Wittering Affair,Yeh Yeh Yeh
The Dead (re),Park Circus
Bhagam Bhaag,Venus
Flags of Our Fathers ,Warner
Manhattan (re),Park Circus
Night at the Museum,20th Fox
It's a Boy Girl Thing,Icon
Perfume,Pathe
White Noise,Entertainment
The Aviator,BVI
Alexander,Warner
The Incredibles,BVI
Lemony Snicket's A Series of Unfortunate Events,UIP
National Treasure,BVI
Without a Paddle,UIP
The Phantom of the Opera,Entertainment
House of Flying Daggers,Pathe
The Polar Express,Warner
Vera Drake,Momentum
Bridget Jones: The Edge of Reason,UIP
Blade: Trinity,Entertainment
Garden State,BVI
The Merchant of Venice,Optimum
Ladies in Lavender,Entertainment
Enduring Love,Pathe
Finding Neverland,BVI
My House in Umbria,Momentum
Dead of Night (RE),BFI
The Motorcycle Diaries,Pathe
My Summer of Love,Contentfilm
Closer,Col/TriStar
Team America: World Police,UIP
Million Dollar Baby,Entertainment
Vanity Fair,UIP
Super Size Me,Tartan
Closer,Sony
Elektra,20th Fox
Ray,UIP
Ladder 49,BVI
A Very Long Engagement,Warner
Dear Frankie,Pathe
Meet the Fockers,UIP
Assault on Precinct 13,Entertainment
Creep,Pathe
Sideways,20th Fox
2046,Tartan
Ocean's Twelve,Warner
Racing Stripes,Momentum
Closer,Sony Pictures
The Magic Roundabout,Pathe
The SpongeBob SquarePants Movie,UIP
Son of the Mask,Entertainment
The Sea Inside,Entertainment
Shall We Dance?,BVI
Are We There Yet?,Sony Pictures
In Good Company,Entertainment
Laura's Star,Warner
Hide and Seek,20th Fox
Coach Carter,UIP
The Life Aquatic with Steve Zissou,BVI
Spanglish,Sony Pictures
Hotel Rwanda,Entertainment
Boogeyman,UIP
The Flight of the Phoenix,20th Fox
Harold & Kumar Get the Munchies,Icon
Hitch,Sony Pictures
Hostage,Entertainment
The Chorus,Pathe
9 Songs,Optimum
Robots,20th Fox
Constantine,Warner
Pooh's Heffalump Movie,BVI
Darkness,BVI
5x2,UGC
Don't Move,Dogwoof Pictures
Caravaggio (RE),BFI
Miss Congeniality 2,Warner
Valiant,Entertainment
Melinda and Melinda,20th Fox
Maria Full of Grace,Icon
Mickybo and Me,UIP
The Ring Two,UIP
Be Cool,20th Fox
Downfall,Momentum
The Rage in Placid Lake,Guerilla Films
Sahara,UIP
The Assassination of Richard Nixon,Metrodome
Bullet Boy,Verve
Man of the House,Sony Pictures
Lucky,Eros
The Interpreter,UIP
The Amityville Horror,20th Fox
New Town Original,Ratpack
The Wedding Date,Entertainment
Guess Who,20th Fox
Waqt,Eros
Cursed,BVI
Beauty Shop,Verve
Tarnation,Optimum
Chicken Tikka Masala,Bollywood Films
The Hitchhiker's Guide to the Galaxy,BVI
XXX2: The Next Level,Sony Pictures
Kaal,Yash Raj
2046,Tartan Films
Kingdom of Heaven,20th Fox
Machuca,Artificial Eye
Andrew and Jeremy Get Married,Tartan Films
Monster-in-Law,Entertainment
The Jacket,Warner
A Good Woman,Vertigo
Seed of Chucky,Momentum
Ong-Bak,Contender
The Last Horror Movie,Tartan Films
Star Wars: Episode III Revenge of the Sith,20th Fox
XXX2: The Next Level,Sony
Mysterious Skin,Tartan
Only Human,Verve
House of Wax,Warner
The Pacifier,BVI
Monster-In-Law,Entertainment
Millions,Pathe
It's All Gone Pete Tong,Redbus
Bunty Aur Bably,Yash Raj
The Consequences of Love,Artificial Eye
Sin City,BVI
The League of Gentlemen's Apocalypse,UIP
Stander,Momentum
Mr and Mrs Smith,20th Fox
Parineeta,UTV Comm
A Good Woman,Verve
Only Human,Entertainment
Downfall,Warner
The Jacket,Momentum
The Wedding Date,Momentum
Machuca,Metrodome
The Chorus,UIP
Sahara,Momentum
The Assassination of Richard Nixon,UIP
Stander,Artificial Eye
Mickybo and Me,Optimum
Tarnation,Verve
Bullet Boy,Optimum
The Last Horror Movie,Pathe
Batman Begins,Warner
Bombon - El Perro,Pathe
We Don't Live Here Anymore,Redbus
Kung Fu Hustle,Sony Pictures
A Lot Like Love,BVI
Paheli,Eros
In My Father's Den,Optimum
Headrush,Zanzibar
War of the Worlds,UIP
Kung Fu Hustle,Sony
Sarkar,Tip Top
Yakeen,Venus
Parineeta,UTV
Clean,Vertigo
The Descent,Pathe
Dus,Spark
Madagascar,UIP
Wedding Crashers,Entertainment
Maine Pyaar Kyun Kiya?,Spark
Festival,Pathe
One Love,Blue Dolphin
The Heart is Deceitful Above All Things,Tartan 
Process,Tartan 
Fantastic Four,20th Fox
Dark Water,BVI
Kicking and Screaming,UIP
Viruddh,UTV Comm
Silver City,Tartan
The Heart is Deceitful Above All Things,Tartan
Charlie and the Chocolate Factory,Warner
Herbie: Fully Loaded,BVI
Stealth,Sony
The Skeleton Key,UIP
The Devil's Rejects,Momentum
Dear Wendy,Metrodome
Yes,Optimum
The Island,Warner
Crash,Pathe
The Perfect Catch,20th Fox
The Rising,Yash Raj
Skeleton Key,UIP
The Bad News Bears,UIP
Spirit Trap,Revolver
Bewitched,Sony
Unleashed,UIP
The Perfect Man,UIP
Barsaat,Tip Top
Me and You and Everyone We Know,Optimum
The Dukes of Hazzard,Warner
The Cave,Entertainment
The Adventures of Shark Boy and Lavagirl in 3D,Sony
Sisterhood of the Travelling Pants,Warner
No Entry,Eros
Heidi,The Works
The 40 Year-Old Virgin,UIP
Red Eye,UIP
The Business,Pathe
On a Clear Day,Icon
The Longest Yard,Sony
Cinderella Man,BVI
Green Street,UIP
The Man,Entertainment
Salaam Namaste,Yash Raj
Asylum,Momentum
The Jealous God,Miracle
The Adventures of Arsene Lupin,Cinefrance
Pride and Prejudice,UIP
Wolf Creek,Optimum
The Adventures of Shark Boy and Lava Girl in 3D,Sony
Must Love Dogs,Warner
The Mighty Celt,Metrodome
Revolver,Redbus
Land of the Dead,UIP
A History of Violence,Entertainment
Goal!,BVI
Four Brothers,UIP
Deuce Bigalow: European Gigolo,Sony
Blinded,Guerilla Films
King's Game,Dogwoof
Rock School,Icon
Serenity,UIP
Kinky Boots,BVI
Night Watch,20th Fox
Tara Road,BVI
Rag Tale,Metrodome
Everything,Soda
Lord of War,Momentum
Domino,Entertainment
Guy X,Tartan
Out on a Limb,Guerilla
Corpse Bride,Warner
Sky High,BVI
Into the Blue,20th Fox
Dreamer,Entertainment
Night Watch (Nochnoi Dozor),20th Fox
Saw II,Entertainment
The Legend of Zorro,Sony
Sophie Scholl,ICA Project
Saw 2,Entertainment
The Brothers Grimm,BVI
Elizabethtown,UIP
Garam Masala,Venus
Kyon Ki?,Bolly Film
Shaadi No. 1,Eros
Murderball,Optimum
In Her Shoes,20th Fox
"Kiss Kiss, Bang Bang",Warner
The Libertine,Entertainment
Factotum,Icon
Stoned,Vertigo
Separate Lies,20th Fox
Flight Plan,BVI
Exorcism of Emily Rose,Sony
The Transporter 2,20th Fox
Deewane Huye Paagal,UTV
The Beat My Heart Skipped,Artificial Eye
Flightplan,BVI
The Exorcism of Emily Rose,Sony
Keeping Mum,Entertainment
Doom,UIP
Transporter 2,20th Fox
Neal 'n' Nikki,Yash Raj
Polar Express,Warner
Bluff Master,UTV Comms
Mrs. Henderson Presents,Pathe 
Wallace & Gromit: The Curse of the Were Rabbit,UIP
Mrs Henderson Presents,Pathe 
Cheaper By The Dozen 2,20th Fox
Lord of the Rings: Return of the King,Entertainment
Peter Pan,UIP
Love Actually,UIP
Stuck On You,20th Fox
Cold Mountain,BVI
Freaky Friday,BVI
Elf,Entertainment
Brother Bear,BVI
Out of Time,Momentum
S.W.A.T.,Col/TriStar
American Splendor,Optimum
Master and Commander,20th Fox
Touching the Void,Pathe
Good Boy!,20th Fox
Kal Ho Naa Ho,Yash Raj
Thirteen,UIP
Calendar Girls,BVI
In America,20th Fox
Intermission,BVI
"Good Bye, Lenin!",UGC Films
Kiss of Life,Artificial Eye
Noi Albinoi,Artificial Eye
The Mother,Momentum
Wilbur wants to kill himself,Icon
Spirited Away,Optimum
Belleville Rendezvous,Tartan
The Shape of Things,Momentum
Bodysong,Pathe
The Last Samurai,Warner
Lost in Translation,Momentum
Stuck on you,20th Fox
Black and White,Tartan
In the Cut,Pathe
Krampack,PPR
American Cousins,Bard
Etre et Avoir,Tartan
Paycheck,UIP
Runaway Jury,20th Fox
Stuck on You,20th Fox
Girl with a Pearl Earring,Pathe
A Mighty Wind,Warner
Scary Movie 3,BVI
Big Fish,Col/Tristar
Khakee,Eros
Game Over: Kasparov asnd the Machine,Momentum
Cold Creek Manor,BVI
Sylvia,Icon
The Emperor's New Clothes,Pathe
"Good Bye, Lenin!",UGC
Belleville Rendez-Vous,Tartan
Game Over: Kasparov and the Machine,Momentum
School of Rock,UIP
Something's Gotta Give,Warner
The Dreamers,20th Fox
Charlie,Entertainment
Dogville,Icon
The Haunted Mansion,BVI
Looney Tunes: Back in Action,Warner
Tooth,Redbus
It's All About Love,Pathe
I…Proud to be an Indian,Eros
Swimming Pool,UGC
Big Fish,Col/TriStar
Sex Lives of the Potato Men,Entertainment
The Barbarian Invasions,Artificial Eye
Blind Flight,Optimum
Along Came Polly,UIP
The Missing,Col/TriStar
House of Sand and Fog,BVI
Man Dancin',1A Films
21 Grams,Icon
Torque,Warner
Uptown Girls,20th Fox
Suzie Gold,Pathe
It's all about Love,Pathe
Mona Lisa Smile,Col/TriStar
Honey,UIP
Starsky & Hutch,BVI
The Passion of the Christ,Icon
Northfork,Metrodome
One Last Chance,Momentum
Tum,Venus
Deh Shiva Bar Mohe,Twenty First Century
Principles of Lust,Pathe
Leo,UIP
Spare Parts,Soda Pictures
Last Emperor,Optimum
Carnages,Tartan
Open Range,ContentFilm
Zatoichi,Artificial Eye
Grand Theft Parsons,Redbus
The Last Emperor (Director's Cut),Optimum
Dawn of the Dead,Entertainment
Welcome to the Jungle,Col/TriStar
Agent Cody Banks 2,20th Fox
Under the Tuscan Sun,BVI
The Station Agent,BVI
The Honeymooners,Verve
Fear X,Verve
Scooby-Doo Too,Warner
The Cat in the Hat,UIP
Gothika,Col/TriStar
Monster,Metrodome
50 First Dates,Col/TriStar
Shaun of the Dead,UIP
Masti,Eros
Capturing the Friedmans,Tartan
The Butterfly Effect,Icon
The Girl Next Door,20th Fox
Hidalgo,BVI
Barbershop 2,20th Fox
Song for a Raggy Boy,Contentfilm
Kill Bill - Volume 2,BVI
Taking Lives,Warner
Win a Date with Tad Hamilton!,UIP
Wondrous Oblivion,Momentum
Monsieur N.,Redbus
Eternal Sunshine of the Spotless Mind,Momentum
Secret Window,Col/TriStar
Main Hoon Na,Eros
Our House,BVI
The Calcium Kid,UIP
I'll Sleep When I'm Dead,Lagoon
Van Helsing,UIP
Laws of Attraction,Entertainment
Confessions of a Teenage Drama Queen,BVI
Wonderland,Tartan
Performance (RE),BFI
Imagining Argentina,UIP
Married/Unmarried,Guerilla
Anazapta,Guerilla
Re-inventing Eddie,Guerilla
The Football Factory,Vertigo
Troy,Warner
Shattered Glass,Icon
Bad Education,Pathe
Scooby-Doo 2,Warner
Yuva,Velocity
Emile,Redbus
The Day After Tomorrow,20th Fox
Hum Tum,Yash Raj
Harry Potter and the Prisoner of Azkaban,Warner
Japanese Story,Tartan
Aan,Venus
Uzak,Artificial Eye
Asa Nu Maan Watan Da,Tip Top
Performance,BFI
Connie and Carla,UIP
I'm Not Scared,BVI
Dev,Eros
Edward Said: The Last Interview,ICA Projects
Mean Girls,UIP
Jersey Girl,BVI
The Cooler,Tartan
Lakshya,Excelaa
The Whole Ten Yards,Warner
Confidences Trop Intimes,Pathe
Deep Blue,Optimum
Freeze Frame,Verve
The Ladykillers,BVI
The Notebook,Entertainment
Eurotrip,UIP
You Got Served,Col/TriStar
The Return,UGC
Deewaar,Eros
I'll Sleep when I'm Dead,Lagoon
Shrek 2,UIP
Godsend,Pathe
Highwaymen,Entertainment
Club Dread,20th Fox
One for the Road,Tartan
Around the World in 80 Days,Entertainment
Fahrenheit 9/11,Optimum
Walking Tall,20th Fox
Twisted,UIP
The Story of the Weeping Camel,UGC
Garv,Spark
Spider-Man 2,Col/Tri
The Prince and Me,Icon
Nathalie,Momentum
Thunderbirds,UIP
Two Brothers,Pathe
Before Sunset,Warner
Cowboys and Angels,BVI
Summer Madness (RE),BFI
King Arthur,BVI
Spider-Man 2,Col/TriStar
Garfield,20th Fox
The Stepford Wives,UIP
Muhse Shaadi Karogi,Zee Network
New York Minutre,Warner
Anything Else,Optimum
Sixteen Years of Alcohol,Tartan
"I, Robot",20th Fox
13 Going On 30,Col/TriStar
Home on the Range,BVI
Mujhse Shaadi Karogi,Zee Network
New York Minute,Warner
The Bourne Supremacy,UIP
Catwoman,Warner
Yu-Gi-Oh,Warner
Kyun! Ho Gaya Na,Eros
Afterlife,Soda
The Village,BVI
A Cinderella Story,Warner
The Story of the Weeping Camel,UGC Films
Cowboys & Angels,BVI
The Return,UGC Films
AfterLife,Soda
Dodgeball: A True Underdog Story,20th Fox
The Chronicles of Riddick,UIP
Raising Helen,BVI
The Terminal,UIP
Hellboy,Col/TriStar
Stage Beauty,Momentum
Facing Windows,Soda
Festival Express,Optimum
Open Water,Redbus
Anchor Man,UIP
Wicker Park,Momentum
Dil Ne Jise Apna Kaha,Eros
Collateral,UIP
Terminal,UIP
Motorcycle Diaries,Pathe
Trauma,Warner
Ae Fond Kiss,Icon
Code 46,Verve
Harry Potter and the Prisoner of Azkaban,Warner Bros.
Wimbledon,UIP
Hero,BVI
Cellular,Entertainment
The Punisher,Col/TriStar
Spivs,Verve
Saw,Entertainment
Layer Cake,Col/TriStar
Sky Captain and the World of Tomorrow,UIP
Man About Dog,Redbus
The Life and Death of Peter Sellers,Icon
De-Lovely,20th Fox
Dead Man's Shoes,Optimum
Facing Windows,Soda Pictures
Princesa,Soda Pictures
Bride and Prejudice,Pathe
Resident Evil: Apocalypse,Col/TriStar
Man On Fire,20th Fox
Stage Beauty,Tartan
Code 46,Tartan
Triumph of Love,ContentFilm
Radio On (RE),BFI
Bright Leaves,ICA Projects
Princesa,Soda
Shark Tale,UIP
White Chicks,Col/TriStar
Inside I'm Dancing,Momentum
"Boo, Zino and the Snurks",Entertainment
Fat Slags,Entertainment
5 Children & It,Pathe
The Triumph of Love,Artificial Eye
Alien vs Predator,20th Fox
Alfie,UIP
The Princess Diaries 2,BVI
Exorcist: The Beginning,Warner
House of the Dead,Redbus
Saved!,Verve
The Grudge,UIP
Bad Santa,Col/TriStar
Birth,Entertainment
Look At Me,Pathe
My Summer of Love,ContentFilm
Fakers,Guerilla
The White Stripes - Under Blackpool Lights,Soda
Veer Zaara,Yash Raj
Anacondas: The Hunt for the Blood Orchid,Col/TriStar
A Way of Life,Verve
Dead Man's Shoes,Warner
After the Sunset,Entertainment
The Manchurian Candidate,UIP
Taxi,20th Fox
Look at Me,Pathe
Aitraaz,Tip Top
The Incredibles*,BVI
The Forgotten,Col/TriStar
Beyond the Sea,Entertainment
I Y Huckabees,20th Fox
Christmas with the Kranks,Col/TriStar
Churchill: The Hollywood Years,Pathe
School for Seduction,Redbus
Aaltra,Gala
Phantom of the Opera,Entertainment
Napoleon Dynamite,UIP
Ella Enchanted,BVI
Swades,UTV Comm.
Christmas with the Kranks,Col/Tri
Ab Tumhare Hawale Watan Saathiwyo,Zee Network
Raincoat,Venus
Lord of the Rings: Two Towers,Entm't
Star Trek X: Nemesis,UIP
Harry Potter Chamber Secrets,Warner
Die Another Day,Fox
Sweet Home Alabama,BVI
City Of God,BVI
The Santa Clause 2,BVI
Like Mike,Fox
The Quiet American,BVI
Chicago,BVI
Spider,Helkon SK
Talaash,Shree Krishna
Dirty Pretty Things,BVI
Blood Work,Warner
Bowling For Columbine,Momentum
Anita & Me,Icon
The Magdalene Sisters,Momentum
28 Days Later,Fox
Morvern Callar,Momentum
Importance of Being Earnest,BVI
Gangs of New York,Entm't
The Tuxedo,UIP
The Good Girl,Fox
City By The Sea,Warner
Deathwatch,Pathe
All Or Nothing,UGC
8 Mile,UIP
The Transporter,Fox
Dil Ka Rishtaa,Venus
The Master Of Disguise,Col/Tri
I Spy,Col/Tri
Ghost Ship,UIP
About Schmidt,Entm't
The Pianist,Pathe
Catch Me If You Can,UIP
Banger Sisters,Fox
Mrs. Caldicot's Cabbage War,Arrow
Two Weeks Notice,Warner
Final Destination 2,Entm't
The Wild Thornberrys,UIP
About Schmidt,UIP
Ghost Ship,Warner
Punch Drunk Love,Col/Tri
Daredevil,Fox
Treasure Planet,BVI
The Hours,BVI
Undercover Brother,Winchester
Revengers Tragedy,Metro Tartan
The Ring,UIP
The One and Only,Pathe
Revenger's Tragedy,Metro Tartan
Jackass: The Movie,UIP
Analyze That,Warner
Solaris,Fox
Adaptation,Col/Tri
The One And Only,Pathe
Maid In Manhattan,Col/Tri
Far From Heaven,Entm't
Live Forever,Helkon SK
The Life of David Gale,UIP
Equilibrium,Momentum
Confessions of a Dangerous Mind,BVI
Barbershop,Fox
Harry Potter Chamber of Secrets,Warner
Just Married,Fox
National Security,Col/Tri
Evelyn,Pathe
L'Homme Du Train,Pathe
The Good Thief,Momentum
The Recruit,BVI
The Core,UIP
Cradle 2 The Grave,Warner
The Rules of Attraction,Icon
In This World,ICA
The Matrix Reloaded,Warner
X-Men 2,20th Fox
Kangaroo Jack,Warner
Johnny English,UIP
Old School,UIP
The Hot Chick,BVI
Darkness Falls,Col/TriStar
How to Lose a Guy in 10 Days,UIP
The Jungle Book 2,BVI
Phone Booth,20th Fox
Secretary,Metro
Andaaz,Tip Top
I Capture the Castle,Momentum
Hope Springs,BVI
Armaan,Eros
The Actors,Momentum
To Kill a King,Pathe
S Club Seeing Double,Col/TriStar
Extreme Ops,UIP
In this World,ICA
The Last Great Wilderness,Feature Film Co
Pure,Artificial Eye
L'Homme du Train,Pathe
Bringing Down the House,BVI
Ripley's Game,Entertainment
Anger Management,Col/TriStar
The Hunted,Redbus
Dark Water,Metro
2 Fast 2 Furious,UIP
Identity,Col/TriStar
Dumb and Dumberer: When Harry,Entertainment
Basic,Icon
Chalte Chalte,Eros
Igby Goes Down,Optimum
A Guy Thing,20th Fox
Etre et Avoir,Metro
Summer Things,UGC
I'll Be There,Warner
Bruce Almighty,BVI
Wrong Turn ,Pathe
Nicholas Nickleby,20th Fox
Main Prem Ki Diwani Hoon,Yash Raj
Biker Boyz,UIP
Feardotcom,Col/TriStar
I'll be there,Warner
Charlie's Angels: Full Throttle,Col/TriStar
Piglet's Big Movie,BVI
Dark Blue,Momentum
Hoover Street Revival,Metro Tartan
In this World,ICA Projects
Daddy Day Care,Col/TriStar
Veronica Guerin,BVI
Whale Rider,Icon
The In-Laws,Warner
Etre et Avoir,Metro Tartan
Otherworld,Miracle Comms
The Hulk,UIP
Buffalo Soldiers,Pathe
Brown Sugar,20th Fox
Four Feathers,BVI
Max,Pathe
Sinbad,UIP
Agent Cody Banks,Fox
Terminator 3: Rise of the Machines,Col/TriStar
"Legally Blonde 2: Red, White and Blonde",20th Fox
Spy Kids 3D Game Over,BVI
Agent Cody Banks,20th Fox
Chori Chori,21st Century
The Pirates of the Caribbean,BVI
Rugrats Go Wild,UIP
What a Girl Wants,Warner
Koi..Mil Gaya,Yash Raj
Respiro,Metro
American Pie: The Wedding,UIP
Freddy vs. Jason,Entertainment
Tomb Raider 2,UIP
Confidence,Momentum
The Man Who Sued God,Winchester
Respiro,Metro Tartan
Jeepers Creepers 2,Pathe
The Lizzie McGuire Movie,BVI
Hollywood Homicide,Col/TriStar
Blackball,Icon
Camp,Momentum
Belleville Rendezvous,Metro
Swimming Pool,UGC Films
Calender Girls,BVI
This is not a Love Song,Soda Pictures
Tears of the Sun,Col/TriStar
Sin Eater,20th Fox
The Hard Word,Metrodome
The Italian Job,UIP
Underworld,Entertainment
Le Divorce,20th Fox
Raising Victor Vargas,Momentum
Nine Dead Gay Guys,Guerilla Films
Once Upon a Time in Mexico,BVI
Matchstick Men,Warner
Young Adam,Warner
Ned Kelly,UIP
Belleville Rendezvous,Metro Tartan
Bad Boys 2,Col/Tri
Down With Love,20th Fox
Bright Young Things,Icon
Finding Nemo,BVI
Baghban,Eros
House of 1000 Corpses,Metro Tartan
Mr In-between,Verve Picture
Khel,Venus Ent.
Commandante,Optimum
Bad Boys 2,Col/TriStar
Cabin Fever,Redbus
Kill Bill,BVI
Spellbound,Metrodome
Krampack,Peccadillo Pictures
Concert for George,Pathe
Petites Coupures,Artificial Eye
Kill Bill Volume One,BVI
The League of Extraordinary Gentlemen,20th Fox
Mystic River,Warner
Song for a Raggy Boy,Abbey
Bollywood Queen,Redbus
Intolerable Cruelty,UIP
Holes,BVI
Secondhand Lions,Entertainment
The Texas Chainsaw Massacre,Entertainment
Alien - Director's Cut,20th Fox
The Matrix Revolutions,Warner
Seabiscuit,BVI
Miranda,Pathe
The Medallion,Col/TriStar
Bad Boys 2,Entertainment
Noi Albino,Artificial Eye
Octane,BVI
Steal,Redbus
Spin the Bottle,BVI
Shoreditch,Georgia Films
Timeline,Entertainment
Wilbur Wants to Kill Himself,Icon
The Fighting Temptations,UIP
Dead End,Pathe
Lord of the Rings: The 2 Towers (Sp. Ed),Entertainment
Ten Minutes Older: Cello,Blue Dolphin
Aileen: Life and Death of a Serial Killer,Optimum Releasing
Munnabhai Mbbs,Eros
The Lord of the Rings,Entm't
Harry Potter Philosopher's Stone,Warner
Behind Enemy Lines,Fox
The Mean Machine,UIP
The Princess Diaries,BVI
Serendipity,BVI
The 51st State,Momentum
The Last Castle,UIP
Kabhi Khushi Kabhie Gham,Yash Raj
Mulholland Drive,Pathe
Monsoon Wedding,Film Four
The Others,BVI
Christmas Carol: The Movie,Pathe
Beauty and the Beast,BVI
The Man Who Wasn't There,Entm't
Rat Race,Pathe
Domestic Disturbance,UIP
Rock Star,Warner
Soul Survivors,Momentum
Last Orders,Metrodome
Black Hawk Down,Col/Tri
Long Time Dead,UIP
Iris,BVI
Vanilla Sky,UIP
Spy Game,Entm't
In the Bedroom,BVI
Shallow Hal,Fox
Gosford Park,Entm't
Training Day,Warner
"Monsters, Inc.",BVI
From Hell,Fox
Just Visiting,Momentum
Ocean's Eleven,Warner
Ali,Entm't
Haan Maine Bhi Pyar Kiya,Shreekris
Don't Say A Word,Fox
Charlotte Gray,Film Four
A Beautiful Mind,UIP
The Mothman Prophecies,Helkon SK
The Shipping News,BVI
We Were Soldiers,Icon
Hearts in Atlantis,Warner
Charlotte Gray,Momentum
Ali G Indahouse,UIP
Ice Age,Fox
Jimmy Neutron: Boy Genius,UIP
The Royal Tenenbaums,BVI
13 Ghosts,Col/Tri
Return to Neverland,BVI
Blade 2,Entm't
Crossroads,Momentum
E.T. (20th Anniversary),UIP
The Count of Monte Cristo,BVI
Collateral Damage,Warner
24 Hour Party People,Pathe
Kate & Leopold,BVI
Bend It Like Beckham,Helkon SK
The Queen of the Damned,Warner
K-Pax,Film Four
The One,Col/Tri
Y Tu Mama Tambien,Icon
The Scorpion King,UIP
Return To Neverland,BVI
About A Boy,UIP
Roadkill,Fox
John Q,Entm't
The Panic Room,Col/Tri
Showtime,Warner
Italian For Beginners,Pathe
Dog Soldiers,Pathe
Slackers,Momentum
I Am Sam,Entm't
Na Tum Jaano Na Hum,Eros
Sex and Lucia,Metro
Star Wars Ep II - Attack of the Clones,Fox
The Closet,Optimum
Not Another Teen Movie,Col/Tri
Thunderpants,Pathe
Hum Tumhare Hain Sanam,Eros
Hart's War,Fox
Showtime,WB
Read My Lips,Pathe
I am Sam,Entm't
40 Days and 40 Nights,UIP
The Time Machine,Warner
Snow Dogs,BVI
Hum Kisi Se Kum Nahi,Spark
Unfaithful,Fox
Monster's Ball,Entm't
Dragonfly,BVI
Mere Yaar Ki Shaadi Hai,Yash Raj
Spider-Man: The Movie,Col/Tri
Impostor,Metrodome
The Musketeer,BVI
Kissing Jessica Stein,Fox
Hardball,UIP
Before You Go,Entm't
Murder By Numbers,Warner
Big Fat Liar,UIP
Birthday Girl,Film Four
Rollerball,Col/Tri
What's The Worst That Could Happen?,Optimum
The Minority Report,Fox
Spirit: Stallion of Cimarron,UIP
Humraaz,Venus
The Lawless Heart,Optimum
Scooby-Doo,Warner
Minority Report,Fox
Resident Evil,Pathe
Devdas,Eros
Bad Company,BVI
Nine Queens,Optimum
Crush,Film Four
The Warrior,Film Four
No Man's Land,Momentum
Stuart Little 2,Col/Tri
Jason X,Entm't
Om Jai Jagadish,Eros
The Abduction Club,Pathe
Amen,Pathe
Lighthouse,Feature Film Co
Hijack Stories,Momentum
Austin Powrrs in Goldmember,Entm't
The Crocodile Hunter,Fox
Yeh Hai Jalwa,Spark
Sunshine State,Col/Tri
Men In Black 2,Col/Tri
Austin Powers in Goldmember,Entm't
Lost In La Mancha,Optimum
Lovely And Amazing,Metrodome
Lighthouse,Feature Film Co.
Eight Legged Freaks,Warner
Mujhse Dosti Karoge,Yash Raj
Heaven,BVI
The Wash,Metrodome
The Sum Of All Fears,UIP
Spy Kids 2,BVI
Lantana,Winchester
Ivan's XTC,Metro Tartan
The Guru,UIP
Reign Of Fire,BVI
Talk To Her,Pathe
Black Knight,Fox
Ealing 100 Anniversary Tour,Optimum
Insomnia,BVI
The Sweetest Thing,Col/Tri
Windtalkers,Fox
Ivans XTC,Metro Tartan
Kin,Feature Film Co
The Bourne Identity,UIP
Once Upon A Time In The Midlands,Film Four
Signs,BVI
A Walk To Remember,Helkon SK
Ivans XTC,Metro
My Big Fat Greek Wedding,Entm't
Swimfan,Icon
Road To Perdition,Fox
Shakti - The Power,Eros
Road to Perdition,Fox
Van Wilder,Momentum
Divine Secrets Of The Ya-Ya Sisterhood,Warner
Lilo & Stitch,BVI
My Little Eye,Momentum
Boat Trip,Entm't
One Hour Photo,Fox
Sweet Sixteen,Icon
Red Dragon,UIP
Clockstoppers,UIP
XXX,Col/Tri
"Slap Her, She's French",Winchester Films
All Or Nothing,UGC Films
The Powerpuff Girls,Warner
Halloween:Resurrection ,BVI
K-19,UIP
High Crimes,Fox
Donnie Darko,Metrodome
Simone,Entm't
"Slap Her, She's French",Winchester
Possession,Warner
Mr Deeds,Col/Tri
Changing Lanes,UIP
They,Entm't
Two Men Went to War,Guerilla
Rabbit Proof Fence,BVI
Orange County,UIP
Halloween: Resurrection,BVI
They ,Entm't
Harry Potter Chamber Of Secrets,Warner
Super Troopers,Fox
Rabbit-Proof Fence,BVI
Importance Of Being Earnest,BVI
Two Men Went To War,Guerilla Films
Mr. Deeds,Col/Tri
The Magdalene Sisters,Mometum
He Loves Me He Loves Me Not,Optimum
Sweet Sixteen,Icon Film Dist
Once Upon A Time In The Midlands,Film Four Dist
My Kingdom,Metro Tartan
Enough,Col/Tri
8 Women,UGC
Bowling For Columbine,Mometum
The War Bride,Miracle Comms
Rishtey,Venus
The Dancer Upstairs,Fox
8 Crazy Nights,Col/Tri
All or Nothing,UGC
Kaante,Bollywood
Saathiya,Yash Raj
Hey Arnold,UIP
Jurassic Park 3,UIP
Swordfish,WB
Dr. Dolittle 2,Fox
Shrek,UIP
Lara Croft:Tomb Raider,UIP
High Heels and Low Lifes,BVI
Yaadein,Sovereign
Recess:School's Out,BVI
Evolution,Sony
Bridget Jones' Diary,UIP
Intimacy,Pathe
Pearl Harbor,BVI
Blow,Entm't
Together,M'Dome
Pokemon 3,WB
Cats and Dogs,WB
Rush Hour 2,Entm't
Lara Croft: Yomb Raider ,UIP
Recess: School's Out,BVI
Final Fantsay: The Spirits.,Col/Tri
Evolution,Col/Tri
The Parole Officer,UIP
Lara Croft: Tomb Raider ,UIP
Help! I am a Fish,M'Dome
Yeh Raaste Hein Pyar Ke,Bollywood
Dil Chahta Hai,Spark
Planet of the Apes,Fox
Final Fantasy: The Spirits,UIP
Swordish,WB
Lara Croft: Tomb Raider,UIP
Heartbreakers,Icon
Crocodile Dundee in L.A.,UIP
Lucky Break,FFD
Final Fantasy: The Spirits..,Col/Tri
Josie and the Pussycats,Fox
Dil Chahta hai,Spark
Help: I am a Fish,Metrodome
A Knight's Tale,Col/Tri
Angel Eyes,WB
Lajja,Eros
What's Cooking,Helkon SK
Moulin Rouge,Fox
Scary Movie 2,BVI
The Fast and the Furious,UIP
Cats and Dogs,Warner
The Martins,Icon
A.I.,Warner
Crazy/Beautiful,BVI
Jurassic Park 3 ,UIP
Ajnabee,Eros
Mike Bassett: England Manager,Entm't
Enigma,BVI
The Score,Pathe
The Brothers,Col/Tri
Amelie,Momentum
Driven,Warner
Original Sin,Fox
American Desi,Eros
American Pie 2,UIP
The Pledge,Warner
Atlantis,BVI
America's Sweethearts,Col/Tri
Jeepers Creepers,Helkon Sk
Brotherhood of the Wolf,Pathe
Legally Blonde,Fox
Asoka,Miracom
Jeepers Creepers,Helkon SK
The Animal,Col/Tri
Kiss of the Dragon,Fox
The Piano Teacher,Artificial Eye
Harry Potter/Philosopher's Stone,Warner
Ghost World,Icon
The Heist,Warner
Baby Boy,Col/Tri
Me Without You,Momentum
Zoolander,UIP
Bandits,Fox
Jay and Silent Bob Strike Back,BVI
Ghosts of Mars,Col/Tri
Apocalypse Now Redux,BVI
The Devil's Backbone,Optimum
Riding In Cars With Boys,Col/Tri
The Deep End,Fox
